thread_title,thread_url,thread_time_utc,thread_score,comment_time_utc,comment_score,comment_text,subreddit
Well Melania got her own coin too. You can even buy it with a debt card.. ,https://www.reddit.com/r/WallStreetBetsCrypto/comments/1i5ghum/well_melania_got_her_own_coin_too_you_can_even/,2025-01-20 02:58:39,1,2025-01-20 03:04:43,2,Biggest scam,wallstreetbets
Well Melania got her own coin too. You can even buy it with a debt card.. ,https://www.reddit.com/r/WallStreetBetsCrypto/comments/1i5ghum/well_melania_got_her_own_coin_too_you_can_even/,2025-01-20 02:58:39,1,2025-01-20 03:38:35,0,"It may be,  but her 3.4 million followers on X just re tweeted her post. So thousands of people are buying it.",wallstreetbets
Well Melania got her own coin too. You can even buy it with a debt card.. ,https://www.reddit.com/r/WallStreetBetsCrypto/comments/1i5ghum/well_melania_got_her_own_coin_too_you_can_even/,2025-01-20 02:58:39,1,2025-01-20 03:39:54,0,"Correction, it's got 16 million view and it's now on all major exchanges.",wallstreetbets
Well Melania got her own coin too. You can even buy it with a debt card.. ,https://www.reddit.com/r/WallStreetBetsCrypto/comments/1i5ghum/well_melania_got_her_own_coin_too_you_can_even/,2025-01-20 02:58:39,1,2025-01-20 05:55:33,3,Is this coin and the Trump coin just pump n dumps?,wallstreetbets
Well Melania got her own coin too. You can even buy it with a debt card.. ,https://www.reddit.com/r/WallStreetBetsCrypto/comments/1i5ghum/well_melania_got_her_own_coin_too_you_can_even/,2025-01-20 02:58:39,1,2025-01-20 06:03:00,3,Yeah and not I hear on Twitter there‚Äôs gonna be a Barron Trump coin or whatever. It‚Äôs all a stupid scam.,wallstreetbets
$1dollar to $1 dollar! ,https://www.reddit.com/r/WallStreetBetsCrypto/comments/1i5l6dk/1dollar_to_1_dollar/,2025-01-20 07:49:53,2,2025-01-20 07:55:08,1,#1Dollar is on fire,wallstreetbets
$1dollar to $1 dollar! ,https://www.reddit.com/r/WallStreetBetsCrypto/comments/1i5l6dk/1dollar_to_1_dollar/,2025-01-20 07:49:53,2,2025-01-20 08:08:38,2,We are sending this to 1Billion MC and beyond. Still early to buy chads,wallstreetbets
"Trump vs. Melania Token War: At This Rate, We Might Actually Send Him to the Moon",https://www.reddit.com/r/WallStreetBetsCrypto/comments/1i5ly9n/trump_vs_melania_token_war_at_this_rate_we_might/,2025-01-20 08:48:40,7,2025-01-20 09:43:14,3,Sites not working^* Great write up,wallstreetbets
"Trump vs. Melania Token War: At This Rate, We Might Actually Send Him to the Moon",https://www.reddit.com/r/WallStreetBetsCrypto/comments/1i5ly9n/trump_vs_melania_token_war_at_this_rate_we_might/,2025-01-20 08:48:40,7,2025-01-20 13:14:34,3,Please launch him into the sun. It will glow orange for many moons‚Ä¶,wallstreetbets
Well Melania got her own coin too. You can even buy it with a debt card.. ,https://www.reddit.com/r/WallStreetBetsCrypto/comments/1i5ghum/well_melania_got_her_own_coin_too_you_can_even/,2025-01-20 02:58:39,1,2025-01-20 14:55:59,1,16 million views 20 million 50 million whatever. Don‚Äôt buy that crap especially right now. If you got in like right when it came out ok ya 20 bucks in it won‚Äôt hurt but it‚Äôs obviously too late. But do whatever man just buy what you can afford to lose,wallstreetbets
$melania Vs. $1dollar (1billions vs. 1Million marketcap,https://www.reddit.com/r/WallStreetBetsCrypto/comments/1i67tvl/melania_vs_1dollar_1billions_vs_1million_marketcap/,2025-01-21 02:06:54,0,2025-01-21 17:50:58,1,How many rugs are they going to pull until people realize they have been had lol,wallstreetbets
I lost all my medical school money that my father gave me. I need help,https://www.reddit.com/r/WallStreetBetsCrypto/comments/1i8a5bx/i_lost_all_my_medical_school_money_that_my_father/,2025-01-23 18:25:52,0,2025-01-23 18:29:22,7,"Keep averaging down dawg, you got this!",wallstreetbets
I lost all my medical school money that my father gave me. I need help,https://www.reddit.com/r/WallStreetBetsCrypto/comments/1i8a5bx/i_lost_all_my_medical_school_money_that_my_father/,2025-01-23 18:25:52,0,2025-01-23 18:29:37,2,"Keep averaging down dawg, you got this!",wallstreetbets
I lost all my medical school money that my father gave me. I need help,https://www.reddit.com/r/WallStreetBetsCrypto/comments/1i8a5bx/i_lost_all_my_medical_school_money_that_my_father/,2025-01-23 18:25:52,0,2025-01-23 18:29:59,0,"Keep averaging down dawg, you got this",wallstreetbets
I lost all my medical school money that my father gave me. I need help,https://www.reddit.com/r/WallStreetBetsCrypto/comments/1i8a5bx/i_lost_all_my_medical_school_money_that_my_father/,2025-01-23 18:25:52,0,2025-01-23 18:30:18,10,Time to sell your a$$.,wallstreetbets
I lost all my medical school money that my father gave me. I need help,https://www.reddit.com/r/WallStreetBetsCrypto/comments/1i8a5bx/i_lost_all_my_medical_school_money_that_my_father/,2025-01-23 18:25:52,0,2025-01-23 18:32:11,32,Get a job,wallstreetbets
I lost all my medical school money that my father gave me. I need help,https://www.reddit.com/r/WallStreetBetsCrypto/comments/1i8a5bx/i_lost_all_my_medical_school_money_that_my_father/,2025-01-23 18:25:52,0,2025-01-23 18:33:22,17,"Why are you betting your future on some crypto meme coin. Lesson learned and it's the best if you tell your father the truth, at least he can find a way rather than betting your education on some strangers to help you.",wallstreetbets
I lost all my medical school money that my father gave me. I need help,https://www.reddit.com/r/WallStreetBetsCrypto/comments/1i8a5bx/i_lost_all_my_medical_school_money_that_my_father/,2025-01-23 18:25:52,0,2025-01-23 18:33:58,-12,"Yes, but it impossible studying medicine, I start 7 am to 9pm",wallstreetbets
I lost all my medical school money that my father gave me. I need help,https://www.reddit.com/r/WallStreetBetsCrypto/comments/1i8a5bx/i_lost_all_my_medical_school_money_that_my_father/,2025-01-23 18:25:52,0,2025-01-23 18:34:33,2,"I‚Äôve been in your shoe and it took me 2 years to get my money back on dodgecoin. I literally bought dodgecoin at the top at .15 cents in 2021. I‚Äôve held it since and now we‚Äôre back with profits. It may take a while if you believe in melania coin but if you don‚Äôt there can be missed opportunity costs with other coins. For example, you can just invest your money on solana or xrp instead.",wallstreetbets
I lost all my medical school money that my father gave me. I need help,https://www.reddit.com/r/WallStreetBetsCrypto/comments/1i8a5bx/i_lost_all_my_medical_school_money_that_my_father/,2025-01-23 18:25:52,0,2025-01-23 18:35:22,3,"HAHAHAHAHAHAHAHAHHAHAHA THAT IS REALLY, REALLY STUPID. THANKS FOR THE SCHADENFREUDE, THOUGH.",wallstreetbets
I lost all my medical school money that my father gave me. I need help,https://www.reddit.com/r/WallStreetBetsCrypto/comments/1i8a5bx/i_lost_all_my_medical_school_money_that_my_father/,2025-01-23 18:25:52,0,2025-01-23 18:35:38,-2,"Yes‚Ä¶ but I‚Äôm really scared to tell him this, I think he will never talk to me anymore",wallstreetbets
I lost all my medical school money that my father gave me. I need help,https://www.reddit.com/r/WallStreetBetsCrypto/comments/1i8a5bx/i_lost_all_my_medical_school_money_that_my_father/,2025-01-23 18:25:52,0,2025-01-23 18:35:56,2,From Monday to Sunday?,wallstreetbets
I lost all my medical school money that my father gave me. I need help,https://www.reddit.com/r/WallStreetBetsCrypto/comments/1i8a5bx/i_lost_all_my_medical_school_money_that_my_father/,2025-01-23 18:25:52,0,2025-01-23 18:36:01,3,Don‚Äôt buy tops lol,wallstreetbets
I lost all my medical school money that my father gave me. I need help,https://www.reddit.com/r/WallStreetBetsCrypto/comments/1i8a5bx/i_lost_all_my_medical_school_money_that_my_father/,2025-01-23 18:25:52,0,2025-01-23 18:36:02,19,9pm -2am you will get naked on webcam for strangers on the Internet.   You're welcome.,wallstreetbets
I lost all my medical school money that my father gave me. I need help,https://www.reddit.com/r/WallStreetBetsCrypto/comments/1i8a5bx/i_lost_all_my_medical_school_money_that_my_father/,2025-01-23 18:25:52,0,2025-01-23 18:37:01,3,Only way is to work bro !,wallstreetbets
I lost all my medical school money that my father gave me. I need help,https://www.reddit.com/r/WallStreetBetsCrypto/comments/1i8a5bx/i_lost_all_my_medical_school_money_that_my_father/,2025-01-23 18:25:52,0,2025-01-23 18:37:06,1,ü§£ü§£ü§£ü§£ü§£ü§£ü§£ü§£ü§£  That's what you get for believing in anything trump. Oh almost forgot:   ü§£ü§£ü§£ü§£ü§£ü§£ü§£ü§£ü§£ü§£ü§£ü§£ü§£ü§£ü§£ü§£ü§£ü§£ü§£ü§£ü§£ü§£ü§£ü§£ü§£ü§£ü§£ü§£ü§£ü§£ü§£ü§£ü§£ü§£ü§£ü§£ü§£ü§£ü§£ü§£ü§£ü§£ ü§°,wallstreetbets
I lost all my medical school money that my father gave me. I need help,https://www.reddit.com/r/WallStreetBetsCrypto/comments/1i8a5bx/i_lost_all_my_medical_school_money_that_my_father/,2025-01-23 18:25:52,0,2025-01-23 18:37:15,1,Picking to invest on Meme coin that is hyped is sooo temporary this was not the wisest thing to pick. Why not pick a meme coin that is more stable like TURBO or better alt coins like XRP? This is lesson learned..  Anyways you will have to get this money back somehow and getting a job eating Peanut Butter and Jelly is now a must...,wallstreetbets
I lost all my medical school money that my father gave me. I need help,https://www.reddit.com/r/WallStreetBetsCrypto/comments/1i8a5bx/i_lost_all_my_medical_school_money_that_my_father/,2025-01-23 18:25:52,0,2025-01-23 18:37:39,3,Get on OnlyFans and make that money back  And average down!!   You'll even have time to study,wallstreetbets
I lost all my medical school money that my father gave me. I need help,https://www.reddit.com/r/WallStreetBetsCrypto/comments/1i8a5bx/i_lost_all_my_medical_school_money_that_my_father/,2025-01-23 18:25:52,0,2025-01-23 18:37:50,8,Face the fact that its youre own Fault and you need to live with it,wallstreetbets
I lost all my medical school money that my father gave me. I need help,https://www.reddit.com/r/WallStreetBetsCrypto/comments/1i8a5bx/i_lost_all_my_medical_school_money_that_my_father/,2025-01-23 18:25:52,0,2025-01-23 18:38:30,1,"Well, shit",wallstreetbets
I lost all my medical school money that my father gave me. I need help,https://www.reddit.com/r/WallStreetBetsCrypto/comments/1i8a5bx/i_lost_all_my_medical_school_money_that_my_father/,2025-01-23 18:25:52,0,2025-01-23 18:38:37,1,the only thing guaranteed is you will now be bombarded by DMs from scammers.,wallstreetbets
I lost all my medical school money that my father gave me. I need help,https://www.reddit.com/r/WallStreetBetsCrypto/comments/1i8a5bx/i_lost_all_my_medical_school_money_that_my_father/,2025-01-23 18:25:52,0,2025-01-23 18:38:45,10,This account spoke a different language up until todayü§£,wallstreetbets
I lost all my medical school money that my father gave me. I need help,https://www.reddit.com/r/WallStreetBetsCrypto/comments/1i8a5bx/i_lost_all_my_medical_school_money_that_my_father/,2025-01-23 18:25:52,0,2025-01-23 18:38:56,2,LMAOOOOO üòÇ,wallstreetbets
I lost all my medical school money that my father gave me. I need help,https://www.reddit.com/r/WallStreetBetsCrypto/comments/1i8a5bx/i_lost_all_my_medical_school_money_that_my_father/,2025-01-23 18:25:52,0,2025-01-23 18:39:28,1,Bro im with you. I lost 2k on Trump. But still holding.,wallstreetbets
I lost all my medical school money that my father gave me. I need help,https://www.reddit.com/r/WallStreetBetsCrypto/comments/1i8a5bx/i_lost_all_my_medical_school_money_that_my_father/,2025-01-23 18:25:52,0,2025-01-23 18:39:47,2,Keep buying,wallstreetbets
I lost all my medical school money that my father gave me. I need help,https://www.reddit.com/r/WallStreetBetsCrypto/comments/1i8a5bx/i_lost_all_my_medical_school_money_that_my_father/,2025-01-23 18:25:52,0,2025-01-23 18:40:13,1,"Honestly wouldn't want you to finish medical school if you make impulsive decisions like that. If you are that quick to risk your own life on a whim to try to get rich quick, definitely don't want you working on me or anyone I know.  Those are the kind of doctors that just work for the pharma industry.",wallstreetbets
I lost all my medical school money that my father gave me. I need help,https://www.reddit.com/r/WallStreetBetsCrypto/comments/1i8a5bx/i_lost_all_my_medical_school_money_that_my_father/,2025-01-23 18:25:52,0,2025-01-23 18:40:35,0,Stay in and hold bro. That‚Äôs the only option.,wallstreetbets
I lost all my medical school money that my father gave me. I need help,https://www.reddit.com/r/WallStreetBetsCrypto/comments/1i8a5bx/i_lost_all_my_medical_school_money_that_my_father/,2025-01-23 18:25:52,0,2025-01-23 18:40:43,2,Lool,wallstreetbets
I lost all my medical school money that my father gave me. I need help,https://www.reddit.com/r/WallStreetBetsCrypto/comments/1i8a5bx/i_lost_all_my_medical_school_money_that_my_father/,2025-01-23 18:25:52,0,2025-01-23 18:40:49,1,Oops,wallstreetbets
I lost all my medical school money that my father gave me. I need help,https://www.reddit.com/r/WallStreetBetsCrypto/comments/1i8a5bx/i_lost_all_my_medical_school_money_that_my_father/,2025-01-23 18:25:52,0,2025-01-23 18:40:49,0,‚ù§Ô∏è,wallstreetbets
I lost all my medical school money that my father gave me. I need help,https://www.reddit.com/r/WallStreetBetsCrypto/comments/1i8a5bx/i_lost_all_my_medical_school_money_that_my_father/,2025-01-23 18:25:52,0,2025-01-23 18:41:20,1,U may include Sunday just in case (it never hurts),wallstreetbets
I lost all my medical school money that my father gave me. I need help,https://www.reddit.com/r/WallStreetBetsCrypto/comments/1i8a5bx/i_lost_all_my_medical_school_money_that_my_father/,2025-01-23 18:25:52,0,2025-01-23 18:41:36,2,"I don't have evidence, but your father won't kill you. Tell him the truth please .",wallstreetbets
I lost all my medical school money that my father gave me. I need help,https://www.reddit.com/r/WallStreetBetsCrypto/comments/1i8a5bx/i_lost_all_my_medical_school_money_that_my_father/,2025-01-23 18:25:52,0,2025-01-23 18:41:50,2,"Hold and pray it goes up, you don‚Äôt lose until you pull out. Or, swap it for something that does indeed have the potential to go up substantially.",wallstreetbets
I lost all my medical school money that my father gave me. I need help,https://www.reddit.com/r/WallStreetBetsCrypto/comments/1i8a5bx/i_lost_all_my_medical_school_money_that_my_father/,2025-01-23 18:25:52,0,2025-01-23 18:41:51,1,aren't robots doctors now?,wallstreetbets
I lost all my medical school money that my father gave me. I need help,https://www.reddit.com/r/WallStreetBetsCrypto/comments/1i8a5bx/i_lost_all_my_medical_school_money_that_my_father/,2025-01-23 18:25:52,0,2025-01-23 18:42:16,3,the fact you keep calling it Dodge and not Doge.  Is DodgeCoin made by Elin Mudsk?,wallstreetbets
I lost all my medical school money that my father gave me. I need help,https://www.reddit.com/r/WallStreetBetsCrypto/comments/1i8a5bx/i_lost_all_my_medical_school_money_that_my_father/,2025-01-23 18:25:52,0,2025-01-23 18:42:18,1,Be responsible for your decisions. You will somehow get back up.,wallstreetbets
I lost all my medical school money that my father gave me. I need help,https://www.reddit.com/r/WallStreetBetsCrypto/comments/1i8a5bx/i_lost_all_my_medical_school_money_that_my_father/,2025-01-23 18:25:52,0,2025-01-23 18:43:23,-1,I fat fingered it and you don‚Äôt need to be a dick about this. You understood which coin i was talking about.,wallstreetbets
I lost all my medical school money that my father gave me. I need help,https://www.reddit.com/r/WallStreetBetsCrypto/comments/1i8a5bx/i_lost_all_my_medical_school_money_that_my_father/,2025-01-23 18:25:52,0,2025-01-23 18:43:31,2,if you thought this was a good idea - you shouldn't be a doctor,wallstreetbets
I lost all my medical school money that my father gave me. I need help,https://www.reddit.com/r/WallStreetBetsCrypto/comments/1i8a5bx/i_lost_all_my_medical_school_money_that_my_father/,2025-01-23 18:25:52,0,2025-01-23 18:44:00,1,Give him a flair. Biggest retard this week so far.,wallstreetbets
I lost all my medical school money that my father gave me. I need help,https://www.reddit.com/r/WallStreetBetsCrypto/comments/1i8a5bx/i_lost_all_my_medical_school_money_that_my_father/,2025-01-23 18:25:52,0,2025-01-23 18:46:35,1,"Unless he studies during these hours literally every day of the week, I highly doubt he can‚Äôt get a job. I also highly doubt he studies from 7 to 9; he‚Äôs probably exaggerating that as well. He should get a job instead of begging from strangers.",wallstreetbets
I lost all my medical school money that my father gave me. I need help,https://www.reddit.com/r/WallStreetBetsCrypto/comments/1i8a5bx/i_lost_all_my_medical_school_money_that_my_father/,2025-01-23 18:25:52,0,2025-01-23 18:47:16,1,r/farialimabets,wallstreetbets
I lost all my medical school money that my father gave me. I need help,https://www.reddit.com/r/WallStreetBetsCrypto/comments/1i8a5bx/i_lost_all_my_medical_school_money_that_my_father/,2025-01-23 18:25:52,0,2025-01-23 18:47:18,1,You bought at the apex of a bull dash. You need to be early next time to earn money.,wallstreetbets
I lost all my medical school money that my father gave me. I need help,https://www.reddit.com/r/WallStreetBetsCrypto/comments/1i8a5bx/i_lost_all_my_medical_school_money_that_my_father/,2025-01-23 18:25:52,0,2025-01-23 18:48:00,1,lol,wallstreetbets
I lost all my medical school money that my father gave me. I need help,https://www.reddit.com/r/WallStreetBetsCrypto/comments/1i8a5bx/i_lost_all_my_medical_school_money_that_my_father/,2025-01-23 18:25:52,0,2025-01-23 18:49:09,1,"Sorry for your loss, but if this were medical school money, it wouldn't be in Melania coin. We'll, she'll be around for 4 more years I guess....so",wallstreetbets
I lost all my medical school money that my father gave me. I need help,https://www.reddit.com/r/WallStreetBetsCrypto/comments/1i8a5bx/i_lost_all_my_medical_school_money_that_my_father/,2025-01-23 18:25:52,0,2025-01-23 18:51:30,2,it's all in good fun no worries.  im frend.,wallstreetbets
I lost all my medical school money that my father gave me. I need help,https://www.reddit.com/r/WallStreetBetsCrypto/comments/1i8a5bx/i_lost_all_my_medical_school_money_that_my_father/,2025-01-23 18:25:52,0,2025-01-23 18:51:37,1,You‚Äôre highly regarded.,wallstreetbets
I lost all my medical school money that my father gave me. I need help,https://www.reddit.com/r/WallStreetBetsCrypto/comments/1i8a5bx/i_lost_all_my_medical_school_money_that_my_father/,2025-01-23 18:25:52,0,2025-01-23 18:51:43,1,Get a job and stop playing meme coins.,wallstreetbets
I lost all my medical school money that my father gave me. I need help,https://www.reddit.com/r/WallStreetBetsCrypto/comments/1i8a5bx/i_lost_all_my_medical_school_money_that_my_father/,2025-01-23 18:25:52,0,2025-01-23 18:52:07,1,Looool,wallstreetbets
I lost all my medical school money that my father gave me. I need help,https://www.reddit.com/r/WallStreetBetsCrypto/comments/1i8a5bx/i_lost_all_my_medical_school_money_that_my_father/,2025-01-23 18:25:52,0,2025-01-23 18:53:51,1,Thank god you won‚Äôt be a doctor!!!,wallstreetbets
I lost all my medical school money that my father gave me. I need help,https://www.reddit.com/r/WallStreetBetsCrypto/comments/1i8a5bx/i_lost_all_my_medical_school_money_that_my_father/,2025-01-23 18:25:52,0,2025-01-23 18:54:04,1,"I will try on the weekends, but what gets difficult is that I have to study the content that will come next week, sometimes I end up spending the whole weekend studying just to keep up.",wallstreetbets
I lost all my medical school money that my father gave me. I need help,https://www.reddit.com/r/WallStreetBetsCrypto/comments/1i8a5bx/i_lost_all_my_medical_school_money_that_my_father/,2025-01-23 18:25:52,0,2025-01-23 18:54:17,1,RIP DADDY,wallstreetbets
I lost all my medical school money that my father gave me. I need help,https://www.reddit.com/r/WallStreetBetsCrypto/comments/1i8a5bx/i_lost_all_my_medical_school_money_that_my_father/,2025-01-23 18:25:52,0,2025-01-23 18:56:35,1,"4k is a lot but there are people that lose hundreds of thousands of dollars and a lot of people are even in debt because of margin. Also, you should tell your dad about what happened. You still got close to 1k so it‚Äôs not like you lost everything.",wallstreetbets
I lost all my medical school money that my father gave me. I need help,https://www.reddit.com/r/WallStreetBetsCrypto/comments/1i8a5bx/i_lost_all_my_medical_school_money_that_my_father/,2025-01-23 18:25:52,0,2025-01-23 18:56:53,1,"You gone have to get a job that‚Äôs the only way you can get out of this and call you college explain you have financial troubles and ask if you can pay later, reach out to them instead of wait to they reach out to you because of unpaid bills it shows that you are willing to solve the problem.",wallstreetbets
I lost all my medical school money that my father gave me. I need help,https://www.reddit.com/r/WallStreetBetsCrypto/comments/1i8a5bx/i_lost_all_my_medical_school_money_that_my_father/,2025-01-23 18:25:52,0,2025-01-23 18:59:07,5,Can‚Äôt make this shit up üòÇ,wallstreetbets
I lost all my medical school money that my father gave me. I need help,https://www.reddit.com/r/WallStreetBetsCrypto/comments/1i8a5bx/i_lost_all_my_medical_school_money_that_my_father/,2025-01-23 18:25:52,0,2025-01-23 19:02:21,1,Put it on two hands of blackjack üôè,wallstreetbets
I lost all my medical school money that my father gave me. I need help,https://www.reddit.com/r/WallStreetBetsCrypto/comments/1i8a5bx/i_lost_all_my_medical_school_money_that_my_father/,2025-01-23 18:25:52,0,2025-01-23 19:06:44,1,"I've heard that Melania is looking for a gardener at the white house.  Try to apply there.  Obviously, this is a troll.",wallstreetbets
I lost all my medical school money that my father gave me. I need help,https://www.reddit.com/r/WallStreetBetsCrypto/comments/1i8a5bx/i_lost_all_my_medical_school_money_that_my_father/,2025-01-23 18:25:52,0,2025-01-23 19:07:27,1,BUY THE DIP AND HOLD.,wallstreetbets
I lost all my medical school money that my father gave me. I need help,https://www.reddit.com/r/WallStreetBetsCrypto/comments/1i8a5bx/i_lost_all_my_medical_school_money_that_my_father/,2025-01-23 18:25:52,0,2025-01-23 19:07:37,1,the next Wendy's is taking applications,wallstreetbets
I lost all my medical school money that my father gave me. I need help,https://www.reddit.com/r/WallStreetBetsCrypto/comments/1i8a5bx/i_lost_all_my_medical_school_money_that_my_father/,2025-01-23 18:25:52,0,2025-01-23 19:08:06,1,I have a solution,wallstreetbets
I lost all my medical school money that my father gave me. I need help,https://www.reddit.com/r/WallStreetBetsCrypto/comments/1i8a5bx/i_lost_all_my_medical_school_money_that_my_father/,2025-01-23 18:25:52,0,2025-01-23 19:08:33,1,"You bought a stupid shitcoin and got burned. You have zero recourse but to buy Bitcoin, the only thing that matters in the space, and hold it.  Lesson learned",wallstreetbets
I lost all my medical school money that my father gave me. I need help,https://www.reddit.com/r/WallStreetBetsCrypto/comments/1i8a5bx/i_lost_all_my_medical_school_money_that_my_father/,2025-01-23 18:25:52,0,2025-01-23 19:08:46,1,üçë,wallstreetbets
I lost all my medical school money that my father gave me. I need help,https://www.reddit.com/r/WallStreetBetsCrypto/comments/1i8a5bx/i_lost_all_my_medical_school_money_that_my_father/,2025-01-23 18:25:52,0,2025-01-23 19:09:49,1,Holding for what? LOL to lose the rest?,wallstreetbets
I lost all my medical school money that my father gave me. I need help,https://www.reddit.com/r/WallStreetBetsCrypto/comments/1i8a5bx/i_lost_all_my_medical_school_money_that_my_father/,2025-01-23 18:25:52,0,2025-01-23 19:10:25,1,"Of course not, I know I made a mistake, but I thought it would be the only opportunity in my life to try to make money before graduating... I took the risk and it didn‚Äôt work out, I respect your opinion",wallstreetbets
I lost all my medical school money that my father gave me. I need help,https://www.reddit.com/r/WallStreetBetsCrypto/comments/1i8a5bx/i_lost_all_my_medical_school_money_that_my_father/,2025-01-23 18:25:52,0,2025-01-23 19:18:10,1,Losing the money is bad enough but on a Melania coin Is SHAMEFUL,wallstreetbets
I lost all my medical school money that my father gave me. I need help,https://www.reddit.com/r/WallStreetBetsCrypto/comments/1i8a5bx/i_lost_all_my_medical_school_money_that_my_father/,2025-01-23 18:25:52,0,2025-01-23 19:20:43,1,Hold on to it. They will moon again when trump mentions it again.,wallstreetbets
I lost all my medical school money that my father gave me. I need help,https://www.reddit.com/r/WallStreetBetsCrypto/comments/1i8a5bx/i_lost_all_my_medical_school_money_that_my_father/,2025-01-23 18:25:52,0,2025-01-23 19:22:04,1,You are the most regarded. But in all honesty people who invested in $Trump and $Melania all deserve it. Even though the snipers got away and the poor got hit. I really dont like this cult.,wallstreetbets
I lost all my medical school money that my father gave me. I need help,https://www.reddit.com/r/WallStreetBetsCrypto/comments/1i8a5bx/i_lost_all_my_medical_school_money_that_my_father/,2025-01-23 18:25:52,0,2025-01-23 20:26:09,1,ü§£,wallstreetbets
I lost all my medical school money that my father gave me. I need help,https://www.reddit.com/r/WallStreetBetsCrypto/comments/1i8a5bx/i_lost_all_my_medical_school_money_that_my_father/,2025-01-23 18:25:52,0,2025-01-23 22:29:24,1,Let me just get this straight- you bet money that you knew you couldn‚Äôt afford to lose on a meme coin and your first thought is to hop on Reddit and beg for money instead of taking responsibility and getting a job‚Ä¶ do I understand you correctly?,wallstreetbets
I lost all my medical school money that my father gave me. I need help,https://www.reddit.com/r/WallStreetBetsCrypto/comments/1i8a5bx/i_lost_all_my_medical_school_money_that_my_father/,2025-01-23 18:25:52,0,2025-01-24 14:07:29,1,I mean it's partially his fault for failing to educate you to such a crazy extent that you thought this was a good idea.,wallstreetbets
I lost all my medical school money that my father gave me. I need help,https://www.reddit.com/r/WallStreetBetsCrypto/comments/1i8a5bx/i_lost_all_my_medical_school_money_that_my_father/,2025-01-23 18:25:52,0,2025-01-26 10:28:57,1,"Bruh the comments on the brazilian sub are hilarious, they're eating him alive",wallstreetbets
Good morning!,https://www.reddit.com/r/WallStreetBetsCrypto/comments/1ib85jn/good_morning/,2025-01-27 12:50:47,23,2025-01-27 16:14:59,1,Hehe yep,wallstreetbets
